order_id,dup_cnt,user_name,player_id,player_name,venue_member_id,provider,status,bet_money,money,create_at_local
1721979623053562828,4,GB13,80,luzihao1,,OB,Lose,79,-79,2026-07-05 11:26:50
1721979623053562828,4,GB13,84,luzihao1,,OB,Lose,79,-79,2026-07-05 11:26:50
1721979623053562828,4,GB13,86,789,115817071,OB,Lose,79,-79,2026-07-05 11:26:50
1721979623053562828,4,GB13,87,789,RMB54556W4Z,OB,Lose,79,-79,2026-07-05 11:26:50
1706925795975864745,3,GB12,13,5,1729164850236320260,OB,Lose,200,-200,2026-06-27 22:13:12
1706925795975864745,3,GB12,23,2,1683099937357989188,OB,Lose,200,-200,2026-06-27 22:13:12
1706925795975864745,3,GB12,37,5,,OB,Lose,200,-200,2026-06-27 22:13:12
1732774685798387545,3,GB14,93,ljlljl155,1774885118746947068,OB,Lose,86,-86,2026-07-07 22:07:33
1732774685798387545,3,GB14,94,byfbyf1,1774890780790902365,OB,Lose,86,-86,2026-07-07 22:07:33
1732774685798387545,3,GB14,95,byfbyf1,1778768527337032800,OB,Lose,86,-86,2026-07-07 22:07:33
1752631256858684089,3,GB12,13,5,1729164850236320260,OB,Win,200,111.19999999999999,2026-06-27 14:13:28
1752631256858684089,3,GB12,23,2,1683099937357989188,OB,Win,200,111.19999999999999,2026-06-27 14:13:28
1752631256858684089,3,GB12,37,5,,OB,Win,200,111.19999999999999,2026-06-27 14:13:28
1758380154367160665,3,GB12,13,5,1729164850236320260,OB,Win,200,182,2026-06-27 16:14:05
1758380154367160665,3,GB12,23,2,1683099937357989188,OB,Win,200,182,2026-06-27 16:14:05
1758380154367160665,3,GB12,37,5,,OB,Win,200,182,2026-06-27 16:14:05
1758687996021469409,3,GB12,13,5,1729164850236320260,OB,Lose,70,-70,2026-06-27 02:15:57
1758687996021469409,3,GB12,23,2,1683099937357989188,OB,Lose,70,-70,2026-06-27 02:15:57
1758687996021469409,3,GB12,37,5,,OB,Lose,70,-70,2026-06-27 02:15:57
1779478883551310902,3,GB14,93,ljlljl155,1774885118746947068,OB,Lose,100,-100,2026-07-07 13:46:37
1779478883551310902,3,GB14,94,byfbyf1,1774890780790902365,OB,Lose,100,-100,2026-07-07 13:46:37
1779478883551310902,3,GB14,95,byfbyf1,1778768527337032800,OB,Lose,100,-100,2026-07-07 13:46:37
1790241363256736085,3,GB14,93,ljlljl155,1774885118746947068,OB,Lose,30,-30,2026-07-07 21:53:26
1790241363256736085,3,GB14,94,byfbyf1,1774890780790902365,OB,Lose,30,-30,2026-07-07 21:53:26
1790241363256736085,3,GB14,95,byfbyf1,1778768527337032800,OB,Lose,30,-30,2026-07-07 21:53:26
0x001e73c510caf6b6d2f2761eff54bc3d223328aac16e97df995048f7ac48143e,2,River,45,F43E,,Polymarket,Win,98,57.555400000000006,2026-07-02 15:50:54
0x001e73c510caf6b6d2f2761eff54bc3d223328aac16e97df995048f7ac48143e,2,River,47,f43e,8946397,Polymarket,Win,98,57.555400000000006,2026-07-02 15:50:54
0x029d0c9612cd413cb8ac4472b00e9d3fc0da16e42430d7326cdee5b4bec60103,2,River,45,F43E,,Polymarket,Lose,70,-70,2026-06-29 03:44:56
0x029d0c9612cd413cb8ac4472b00e9d3fc0da16e42430d7326cdee5b4bec60103,2,River,47,f43e,8946397,Polymarket,Lose,70,-70,2026-06-29 03:44:56
0x04c8b236e88418ff8f6a09959eec9a48c2be1c36fe0e861d1d717ea67d462062,2,River,45,F43E,,Polymarket,Lose,35,-35,2026-07-02 21:10:50
0x04c8b236e88418ff8f6a09959eec9a48c2be1c36fe0e861d1d717ea67d462062,2,River,47,f43e,8946397,Polymarket,Lose,35,-35,2026-07-02 21:10:50
0x05eff3bcccad2dffefa522c76f09d9661a7d46afa70795c4632a19c1a33914aa,2,River,45,F43E,,Polymarket,Win,98,101.99980000000001,2026-07-03 15:07:59
0x05eff3bcccad2dffefa522c76f09d9661a7d46afa70795c4632a19c1a33914aa,2,River,47,f43e,8946397,Polymarket,Win,98,101.99980000000001,2026-07-03 15:07:59
0x07342b56b264afdace040d2dc297e279478aaba649c6bc317953cf2dac242005,2,River,45,F43E,,Polymarket,Win,35,46.395300000000006,2026-06-30 16:13:15
0x07342b56b264afdace040d2dc297e279478aaba649c6bc317953cf2dac242005,2,River,47,f43e,8946397,Polymarket,Win,35,46.395300000000006,2026-06-30 16:13:15
0x08432e35ac66721a7a966d861b722a77545fcacfbedf1b1d5ae79565908112d3,2,River,45,F43E,,Polymarket,Lose,35,-35,2026-07-02 05:07:47
0x08432e35ac66721a7a966d861b722a77545fcacfbedf1b1d5ae79565908112d3,2,River,47,f43e,8946397,Polymarket,Lose,35,-35,2026-07-02 05:07:47
0x086280b211a4288037adbac7b3f4eb1b88eadac75e925e0e069b4710ca1acf70,2,River,45,F43E,,Polymarket,Lose,77,-77,2026-07-01 01:06:34
0x086280b211a4288037adbac7b3f4eb1b88eadac75e925e0e069b4710ca1acf70,2,River,47,f43e,8946397,Polymarket,Lose,77,-77,2026-07-01 01:06:34
0x0a426fbdee3604e1c7864c069f1a8c541313faf8e09470128fe19eb5ee523b31,2,River,45,F43E,,Polymarket,Lose,77,-77,2026-07-01 00:40:15
0x0a426fbdee3604e1c7864c069f1a8c541313faf8e09470128fe19eb5ee523b31,2,River,47,f43e,8946397,Polymarket,Lose,77,-77,2026-07-01 00:40:15
0x107fc2588e75c3b88c924121a6beab6afebde679100c9332e744ed957fe54d2b,2,River,45,F43E,,Polymarket,Win,532,734.6668,2026-06-30 09:04:45
0x107fc2588e75c3b88c924121a6beab6afebde679100c9332e744ed957fe54d2b,2,River,47,f43e,8946397,Polymarket,Win,532,734.6668,2026-06-30 09:04:45
0x161fb463fcd0d053a7257d288e9cf7b7e9f50f887ea11b493c36646f5f51abcf,2,River,45,F43E,,Polymarket,Lose,77,-77,2026-07-01 01:18:43
0x161fb463fcd0d053a7257d288e9cf7b7e9f50f887ea11b493c36646f5f51abcf,2,River,47,f43e,8946397,Polymarket,Lose,77,-77,2026-07-01 01:18:43
0x16c0f2b20aa1146f3d174135a5c624d290079b00fdf1471f8ee3746b529c6ddb,2,River,45,F43E,,Polymarket,Lose,35,-35,2026-06-30 19:00:16
0x16c0f2b20aa1146f3d174135a5c624d290079b00fdf1471f8ee3746b529c6ddb,2,River,47,f43e,8946397,Polymarket,Lose,35,-35,2026-06-30 19:00:16
0x1b4b4f56611cfef67fc7c19cbf150f4c42ee2855936a5d7d3ac89c73f6e591a6,2,River,45,F43E,,Polymarket,Win,56,34.3224,2026-06-30 03:05:58
0x1b4b4f56611cfef67fc7c19cbf150f4c42ee2855936a5d7d3ac89c73f6e591a6,2,River,47,f43e,8946397,Polymarket,Win,56,34.3224,2026-06-30 03:05:58
0x22127ff6244063791c691d5377322a7ba013059f914cff0794b7bd9f6ebc798a,2,River,45,F43E,,Polymarket,Win,35,18.0306,2026-07-02 08:50:38
0x22127ff6244063791c691d5377322a7ba013059f914cff0794b7bd9f6ebc798a,2,River,47,f43e,8946397,Polymarket,Win,35,18.0306,2026-07-02 08:50:38
0x26f16d2589621c1869c0f3dcf2bea048c8110e525d5a58eafb9e0fd8bed67728,2,GB12,76,PM,,Polymarket,None,199.99,0,2026-07-05 15:12:10
0x26f16d2589621c1869c0f3dcf2bea048c8110e525d5a58eafb9e0fd8bed67728,2,GB12,102,poly,,Polymarket,None,194.276,0,2026-07-05 15:12:10
0x2a244dae5c7e516f8a32396552797a57cd9776d27f45f1bce4ddc2f4c29d536e,2,GB12,76,PM,,Polymarket,None,210,0,2026-07-06 13:32:10
0x2a244dae5c7e516f8a32396552797a57cd9776d27f45f1bce4ddc2f4c29d536e,2,GB12,102,poly,,Polymarket,None,204,0,2026-07-06 13:32:10
0x2afac40db1b6f39f8cbec627919d32dd9ba96d32ae9cceb933065a4a841c2311,2,River,45,F43E,,Polymarket,Win,49,95.1174,2026-07-03 06:34:25
0x2afac40db1b6f39f8cbec627919d32dd9ba96d32ae9cceb933065a4a841c2311,2,River,47,f43e,8946397,Polymarket,Win,49,95.1174,2026-07-03 06:34:25
0x2e7ffea68f11baf83b8885dfdc9ab7334905b3302a45982dfbf67255f9bf0244,2,River,45,F43E,,Polymarket,Win,35,26.4033,2026-06-29 03:11:30
0x2e7ffea68f11baf83b8885dfdc9ab7334905b3302a45982dfbf67255f9bf0244,2,River,47,f43e,8946397,Polymarket,Win,35,26.4033,2026-06-29 03:11:30
0x33cefe02797178398996bb8600132202763256b7f6198254636f1ac2cec649af,2,River,45,F43E,,Polymarket,Win,35,46.395300000000006,2026-06-30 16:13:26
0x33cefe02797178398996bb8600132202763256b7f6198254636f1ac2cec649af,2,River,47,f43e,8946397,Polymarket,Win,35,46.395300000000006,2026-06-30 16:13:26
0x3596c1ce2675cc7d911eca25e5cda1465a4b9cea6112a26ffe4206b2f5bd217b,2,River,45,F43E,,Polymarket,Lose,21,-21,2026-07-03 15:07:13
0x3596c1ce2675cc7d911eca25e5cda1465a4b9cea6112a26ffe4206b2f5bd217b,2,River,47,f43e,8946397,Polymarket,Lose,21,-21,2026-07-03 15:07:13
0x3e87902f3623c2c4d0a1fcc76d218991ca2c7f9ba707fff483521ea6307d5761,2,River,45,F43E,,Polymarket,Lose,35,-35,2026-07-02 03:10:06
0x3e87902f3623c2c4d0a1fcc76d218991ca2c7f9ba707fff483521ea6307d5761,2,River,47,f43e,8946397,Polymarket,Lose,35,-35,2026-07-02 03:10:06
0x420bf307b4f1e45ef453e0998ea9a9f914d858d4c348191c048612c5cf98e37f,2,River,45,F43E,,Polymarket,Lose,35,-35,2026-07-03 04:10:58
0x420bf307b4f1e45ef453e0998ea9a9f914d858d4c348191c048612c5cf98e37f,2,River,47,f43e,8946397,Polymarket,Lose,35,-35,2026-07-03 04:10:58
0x441c216bf0f5925a2df0d7f1cb0c5af5c26a0479184952918fdd131f30ddd2b0,2,River,45,F43E,,Polymarket,Win,35,62.2223,2026-07-01 01:33:56
0x441c216bf0f5925a2df0d7f1cb0c5af5c26a0479184952918fdd131f30ddd2b0,2,River,47,f43e,8946397,Polymarket,Win,35,62.2223,2026-07-01 01:33:56
0x44286f32f3172e527391518d8b9e04a18e41836b0705bccd6bfb8de5fca7a467,2,River,45,F43E,,Polymarket,Win,77,25.666900000000002,2026-06-30 19:35:21
0x44286f32f3172e527391518d8b9e04a18e41836b0705bccd6bfb8de5fca7a467,2,River,47,f43e,8946397,Polymarket,Win,77,25.666900000000002,2026-06-30 19:35:21
0x46c0e4ba5b73228ae4a2e45a57d15fdb3ff0cf36a1f24909557515905df7a623,2,River,45,F43E,,Polymarket,Lose,98,-98,2026-07-02 01:03:21
0x46c0e4ba5b73228ae4a2e45a57d15fdb3ff0cf36a1f24909557515905df7a623,2,River,47,f43e,8946397,Polymarket,Lose,98,-98,2026-07-02 01:03:21
0x48db9d01bd01c13268ddde5f0ad82e70e51b4c8f5cf05652f471ba521087b498,2,River,45,F43E,,Polymarket,Win,98,60.0642,2026-07-02 00:59:56
0x48db9d01bd01c13268ddde5f0ad82e70e51b4c8f5cf05652f471ba521087b498,2,River,47,f43e,8946397,Polymarket,Win,98,60.0642,2026-07-02 00:59:56
0x4bab41cb63461997eb46ad350fbf74c2401bb80860ad9257974c832e2f4e8427,2,River,45,F43E,,Polymarket,Lose,77,-77,2026-06-30 20:58:26
0x4bab41cb63461997eb46ad350fbf74c2401bb80860ad9257974c832e2f4e8427,2,River,47,f43e,8946397,Polymarket,Lose,77,-77,2026-06-30 20:58:26
0x521835261ebc2571b3f19aa23d1d091bfd4ac959df0e2fd36cee87f9c111825a,2,River,45,F43E,,Polymarket,Win,76.7963,13.5527,2026-06-30 19:53:28
0x521835261ebc2571b3f19aa23d1d091bfd4ac959df0e2fd36cee87f9c111825a,2,River,47,f43e,8946397,Polymarket,Win,76.7963,13.5527,2026-06-30 19:53:28
0x555796ad9a70ef47ac29b4548cbb105f21c91132d7e8a6db0f107850759dcf4a,2,River,45,F43E,,Polymarket,Lose,35,-35,2026-07-02 03:09:21
0x555796ad9a70ef47ac29b4548cbb105f21c91132d7e8a6db0f107850759dcf4a,2,River,47,f43e,8946397,Polymarket,Lose,35,-35,2026-07-02 03:09:21
0x55782706422ff4194e0a7654f71b083beb485a1ad3c20bc77df641ba14f59421,2,River,45,F43E,,Polymarket,Lose,35,-35,2026-07-01 00:36:38
0x55782706422ff4194e0a7654f71b083beb485a1ad3c20bc77df641ba14f59421,2,River,47,f43e,8946397,Polymarket,Lose,35,-35,2026-07-01 00:36:38
0x5b0ac45e79e68608553618cfa47345cfdef42e4ec6d3a4c76a5acd1e44b5cb9c,2,River,45,F43E,,Polymarket,Lose,35,-35,2026-07-01 06:03:43
0x5b0ac45e79e68608553618cfa47345cfdef42e4ec6d3a4c76a5acd1e44b5cb9c,2,River,47,f43e,8946397,Polymarket,Lose,35,-35,2026-07-01 06:03:43
0x5b11a52ec8f6592af6c8ef873a1f7819e8b1c56e12533f58660ca04f45532ade,2,River,45,F43E,,Polymarket,Win,35,46.395300000000006,2026-06-30 16:13:37
0x5b11a52ec8f6592af6c8ef873a1f7819e8b1c56e12533f58660ca04f45532ade,2,River,47,f43e,8946397,Polymarket,Win,35,46.395300000000006,2026-06-30 16:13:37
0x5fb808ca4b31c0b44b8aa9b2c91652fc9dee4de30513b365f6aa0b01a4d80dd5,2,River,45,F43E,,Polymarket,Win,35,13.6108,2026-06-29 03:16:13
0x5fb808ca4b31c0b44b8aa9b2c91652fc9dee4de30513b365f6aa0b01a4d80dd5,2,River,47,f43e,8946397,Polymarket,Win,35,13.6108,2026-06-29 03:16:13
0x61a4eb64562667d823a64fbb4f4ab78018a67863ee7aa5550008397fadf173ec,2,River,45,F43E,,Polymarket,Win,35,23.333099999999998,2026-06-30 00:07:26
0x61a4eb64562667d823a64fbb4f4ab78018a67863ee7aa5550008397fadf173ec,2,River,47,f43e,8946397,Polymarket,Win,35,23.333099999999998,2026-06-30 00:07:26
0x645fb354a55bab685a6a8f27f7cb03c6a9346108b79ee46ce2eef13a7d9b3aa3,2,GB12,76,PM,,Polymarket,None,129.99,0,2026-07-05 16:07:10
0x645fb354a55bab685a6a8f27f7cb03c6a9346108b79ee46ce2eef13a7d9b3aa3,2,GB12,102,poly,,Polymarket,None,126.276,0,2026-07-05 16:07:10
0x671ae9a648c6fc33e136c42c0bc9e8f5062b01969b99fc40347f8b64abfe0109,2,River,45,F43E,,Polymarket,Lose,35,-35,2026-07-02 05:30:10
0x671ae9a648c6fc33e136c42c0bc9e8f5062b01969b99fc40347f8b64abfe0109,2,River,47,f43e,8946397,Polymarket,Lose,35,-35,2026-07-02 05:30:10
0x68c7201b74ffa963ad3bb0d36d0ef28cc9ea8293cc10aa93d393ad5f7e9f7816,2,River,45,F43E,,Polymarket,Lose,42,-42,2026-06-30 07:06:24
0x68c7201b74ffa963ad3bb0d36d0ef28cc9ea8293cc10aa93d393ad5f7e9f7816,2,River,47,f43e,8946397,Polymarket,Lose,42,-42,2026-06-30 07:06:24
0x6a3b6f73712da4e508c3ec15c1e1e3c8b5c4cd93dc73f5e8227d13845dd58a7e,2,River,45,F43E,,Polymarket,Lose,76.32939999999999,-76.32939999999999,2026-06-30 18:59:53
0x6a3b6f73712da4e508c3ec15c1e1e3c8b5c4cd93dc73f5e8227d13845dd58a7e,2,River,47,f43e,8946397,Polymarket,Lose,76.32939999999999,-76.32939999999999,2026-06-30 18:59:53
0x6ac8d7f12dc0c3e75fbf1b929e143fdf9f5ab2828eac495619aaaca294f73456,2,River,45,F43E,,Polymarket,Lose,56,-56,2026-06-29 00:00:34
0x6ac8d7f12dc0c3e75fbf1b929e143fdf9f5ab2828eac495619aaaca294f73456,2,River,47,f43e,8946397,Polymarket,Lose,56,-56,2026-06-29 00:00:34
0x6be62c740c7b5c0ef41ca7621f2ab7d777bbc40b45a3a5c5128694411b7e45c4,2,River,45,F43E,,Polymarket,Lose,49,-49,2026-07-01 01:13:47
0x6be62c740c7b5c0ef41ca7621f2ab7d777bbc40b45a3a5c5128694411b7e45c4,2,River,47,f43e,8946397,Polymarket,Lose,49,-49,2026-07-01 01:13:47
0x70e350e550f27102f8b88ae4ab038881d8f1565161d3aeb034dc511df14d3851,2,River,45,F43E,,Polymarket,Lose,98,-98,2026-07-02 00:35:09
0x70e350e550f27102f8b88ae4ab038881d8f1565161d3aeb034dc511df14d3851,2,River,47,f43e,8946397,Polymarket,Lose,98,-98,2026-07-02 00:35:09
0x72f633f0fa9c211483f8ee722d461642dcc74644af4209ad7394fbcb251a3c6a,2,River,45,F43E,,Polymarket,Win,98,34.6115,2026-07-03 12:59:07
0x72f633f0fa9c211483f8ee722d461642dcc74644af4209ad7394fbcb251a3c6a,2,River,47,f43e,8946397,Polymarket,Win,98,34.6115,2026-07-03 12:59:07
0x732929708bbc10e3ce50eb4417fe1ef7c79bed78b46220004259e3dcc9b108ac,2,River,45,F43E,,Polymarket,Lose,63,-63,2026-07-03 16:26:16
0x732929708bbc10e3ce50eb4417fe1ef7c79bed78b46220004259e3dcc9b108ac,2,River,47,f43e,8946397,Polymarket,Lose,63,-62.999959999999994,2026-07-03 16:26:16
0x78a3e68c99ccb9216148feeb4340bf2b009226fbab034a61f6a4e4833983e5f4,2,River,45,F43E,,Polymarket,Lose,35,-35,2026-07-03 04:05:40
0x78a3e68c99ccb9216148feeb4340bf2b009226fbab034a61f6a4e4833983e5f4,2,River,47,f43e,8946397,Polymarket,Lose,35,-35,2026-07-03 04:05:40
0x78e2a80b326ef3f157ddbb92e0899511a0474df9cb3230aaad5925b50bbbdd0b,2,River,45,F43E,,Polymarket,Win,70,44.7538,2026-06-29 02:35:50
0x78e2a80b326ef3f157ddbb92e0899511a0474df9cb3230aaad5925b50bbbdd0b,2,River,47,f43e,8946397,Polymarket,Win,70,44.7538,2026-06-29 02:35:50
0x7ab4ef7fcbc3a60c8f6637fee70fd4a49b83b2e7e241d1809cb7f1fd7790d79a,2,River,45,F43E,,Polymarket,Lose,98,-98,2026-07-01 22:57:20
0x7ab4ef7fcbc3a60c8f6637fee70fd4a49b83b2e7e241d1809cb7f1fd7790d79a,2,River,47,f43e,8946397,Polymarket,Lose,98,-98,2026-07-01 22:57:20
0x8043a679e3e9d54e33fa152d68fef6dfd2b5d81fbc8ef69c8ef93a3ee098d985,2,River,45,F43E,,Polymarket,Lose,56,-56,2026-06-28 23:52:01
0x8043a679e3e9d54e33fa152d68fef6dfd2b5d81fbc8ef69c8ef93a3ee098d985,2,River,47,f43e,8946397,Polymarket,Lose,56,-56,2026-06-28 23:52:01
0x8251506382002e5cf27528b283869f1dbe0466f6753f520b2b904f73acaae331,2,River,45,F43E,,Polymarket,Win,98,83.4813,2026-07-02 15:42:39
0x8251506382002e5cf27528b283869f1dbe0466f6753f520b2b904f73acaae331,2,River,47,f43e,8946397,Polymarket,Win,98,83.4813,2026-07-02 15:42:39
0x840074169b98ba21a06a3a09bb8479c9803084590598f836e894d947aa0c4336,2,River,45,F43E,,Polymarket,Lose,35,-35,2026-07-02 05:30:03
0x840074169b98ba21a06a3a09bb8479c9803084590598f836e894d947aa0c4336,2,River,47,f43e,8946397,Polymarket,Lose,35,-35,2026-07-02 05:30:03
0x881d1a29c78bb2a20b9ecd46a682cf7d6fb51a69d98f9ca60c9222d7c0822e4c,2,River,45,F43E,,Polymarket,Lose,42,-42,2026-06-30 00:51:09
0x881d1a29c78bb2a20b9ecd46a682cf7d6fb51a69d98f9ca60c9222d7c0822e4c,2,River,47,f43e,8946397,Polymarket,Lose,42,-42,2026-06-30 00:51:09
0x89a549fb72784693ea2bb18782d1a065d0535ad9b11e3ebd70d8b8a2f941e5cc,2,River,45,F43E,,Polymarket,Win,70,75.8331,2026-07-03 03:44:16
0x89a549fb72784693ea2bb18782d1a065d0535ad9b11e3ebd70d8b8a2f941e5cc,2,River,47,f43e,8946397,Polymarket,Win,70,75.8331,2026-07-03 03:44:16
0x8e1258b1f89639c594a1ebd0bb23851f8dc42543d2259e7cb2e94f5c65cf66f1,2,River,45,F43E,,Polymarket,Lose,56,-56,2026-07-02 01:37:33
0x8e1258b1f89639c594a1ebd0bb23851f8dc42543d2259e7cb2e94f5c65cf66f1,2,River,47,f43e,8946397,Polymarket,Lose,56,-56,2026-07-02 01:37:33
0x8e3fc1894971813691883cdb5797b7e6b9d9f4125b7703d5bcbdfd49633196a2,2,River,45,F43E,,Polymarket,Lose,77,-77,2026-06-30 20:58:55
0x8e3fc1894971813691883cdb5797b7e6b9d9f4125b7703d5bcbdfd49633196a2,2,River,47,f43e,8946397,Polymarket,Lose,77,-77,2026-06-30 20:58:55
0x8e6222afc1784b5ff4f653d94bbc1ff27786406528516c3a9b5e5c2ddafc32c7,2,River,45,F43E,,Polymarket,Win,98.0077,35.8827,2026-07-03 12:58:50
0x8e6222afc1784b5ff4f653d94bbc1ff27786406528516c3a9b5e5c2ddafc32c7,2,River,47,f43e,8946397,Polymarket,Win,98.0077,35.8827,2026-07-03 12:58:50
0x8fe987702b83d720dfb9eff230c305d4d6417addc75f4009bb5b8074acfc85a2,2,River,45,F43E,,Polymarket,Win,35,9.872100000000001,2026-06-29 07:33:45
0x8fe987702b83d720dfb9eff230c305d4d6417addc75f4009bb5b8074acfc85a2,2,River,47,f43e,8946397,Polymarket,Win,35,9.872100000000001,2026-06-29 07:33:45
0x925c02b0e90d380efe9e33ab66d929eaf3b3591fe032bb34b41833e8417972b9,2,River,45,F43E,,Polymarket,Lose,63,-63,2026-07-03 13:51:54
0x925c02b0e90d380efe9e33ab66d929eaf3b3591fe032bb34b41833e8417972b9,2,River,47,f43e,8946397,Polymarket,Lose,63,-63,2026-07-03 13:51:54
0x926744b92bad877f7fd874399d12cec5c5880119bb9b5024d4039e8cca12509d,2,River,45,F43E,,Polymarket,Lose,35,-35,2026-07-01 04:02:53
0x926744b92bad877f7fd874399d12cec5c5880119bb9b5024d4039e8cca12509d,2,River,47,f43e,8946397,Polymarket,Lose,35,-35,2026-07-01 04:02:53
0x9c91fbe4bd8275b6d4316e451de0026571ed8aadaed4466ce31e91b8dbf90dcc,2,River,45,F43E,,Polymarket,Lose,35,-35,2026-07-02 05:30:07
0x9c91fbe4bd8275b6d4316e451de0026571ed8aadaed4466ce31e91b8dbf90dcc,2,River,47,f43e,8946397,Polymarket,Lose,35,-35,2026-07-02 05:30:07
0x9f25c75e3c56e469ee336ef98719c4ab47493b5da9a1a935dbc258bb9547fee5,2,River,45,F43E,,Polymarket,Win,35,9.872100000000001,2026-06-28 23:02:14
0x9f25c75e3c56e469ee336ef98719c4ab47493b5da9a1a935dbc258bb9547fee5,2,River,47,f43e,8946397,Polymarket,Win,35,9.872100000000001,2026-06-28 23:02:14
0xa0f9da7ec4e45ba2ef3200f5d9e1919ae0132d9d230a435a52ac52357d907e1a,2,River,45,F43E,,Polymarket,Lose,70,-70,2026-06-30 21:13:50
0xa0f9da7ec4e45ba2ef3200f5d9e1919ae0132d9d230a435a52ac52357d907e1a,2,River,47,f43e,8946397,Polymarket,Lose,70,-70,2026-06-30 21:13:50
0xa86d9a5c58678a705354efd059838c87328d90d7425b959c2db6b9817ed50410,2,GB12,76,PM,,Polymarket,None,199.99,0,2026-07-05 15:15:54
0xa86d9a5c58678a705354efd059838c87328d90d7425b959c2db6b9817ed50410,2,GB12,102,poly,,Polymarket,None,194.276,0,2026-07-05 15:15:54
0xa96d78c7e6aa7a3a139626e15a6d3a109fe8a485c94e047d6a6c9d2718722319,2,River,45,F43E,,Polymarket,Win,63,17.7695,2026-06-29 04:50:44
0xa96d78c7e6aa7a3a139626e15a6d3a109fe8a485c94e047d6a6c9d2718722319,2,River,47,f43e,8946397,Polymarket,Win,63,17.7695,2026-06-29 04:50:44
0xb24799347af798521406bbd1a53801bba452e6aec0568a9a9c6f7f078780e15b,2,River,45,F43E,,Polymarket,Lose,35,-35,2026-07-02 05:30:07
0xb24799347af798521406bbd1a53801bba452e6aec0568a9a9c6f7f078780e15b,2,River,47,f43e,8946397,Polymarket,Lose,35,-35,2026-07-02 05:30:07
0xb4a6029f6eac7aa01ad2037dceb1836f7825c10f4b31003e5ed5fa9508630640,2,River,45,F43E,,Polymarket,Lose,49.699999999999996,-49.699999999999996,2026-07-02 00:40:06
0xb4a6029f6eac7aa01ad2037dceb1836f7825c10f4b31003e5ed5fa9508630640,2,River,47,f43e,8946397,Polymarket,Lose,49.699999999999996,-49.699999999999996,2026-07-02 00:40:06
0xb8cc92b934948cbf5237e0987cb757872a70914f6335d4bc59bc94565ec3cf0b,2,River,45,F43E,,Polymarket,Lose,98,-98,2026-07-02 02:47:15
0xb8cc92b934948cbf5237e0987cb757872a70914f6335d4bc59bc94565ec3cf0b,2,River,47,f43e,8946397,Polymarket,Lose,98,-98,2026-07-02 02:47:15
0xb9de6fe986e48d156636911b4c7c776da36542f8890adc58d759d62b6195c380,2,River,45,F43E,,Polymarket,Win,98,101.99980000000001,2026-07-02 00:47:46
0xb9de6fe986e48d156636911b4c7c776da36542f8890adc58d759d62b6195c380,2,River,47,f43e,8946397,Polymarket,Win,98,101.99980000000001,2026-07-02 00:47:46
0xbc0850ecf4ba4c6e189a6fd61688914aa285ef4acad4e5b727de51a93476149d,2,River,45,F43E,,Polymarket,Lose,77,-77,2026-06-30 21:14:01
0xbc0850ecf4ba4c6e189a6fd61688914aa285ef4acad4e5b727de51a93476149d,2,River,47,f43e,8946397,Polymarket,Lose,77,-77,2026-06-30 21:14:01
0xbe01f67c022d709140df38b43a588c7710e8797459deaf5c64a398985e2a97c4,2,River,45,F43E,,Polymarket,Lose,77,-77,2026-07-03 04:18:34
0xbe01f67c022d709140df38b43a588c7710e8797459deaf5c64a398985e2a97c4,2,River,47,f43e,8946397,Polymarket,Lose,77,-77,2026-07-03 04:18:34
0xbf249247fca56a5cbd2ea8641a69e2337b387b170f17a7c9de24eb268adcff57,2,River,45,F43E,,Polymarket,Win,56,68.4446,2026-06-29 04:09:18
0xbf249247fca56a5cbd2ea8641a69e2337b387b170f17a7c9de24eb268adcff57,2,River,47,f43e,8946397,Polymarket,Win,56,68.4446,2026-06-29 04:09:18
0xc04d12e111a03d01579927adf7b067f0fd15dc5b7176c539c97212ea5a201656,2,River,45,F43E,,Polymarket,Lose,77,-77,2026-06-30 16:11:55
0xc04d12e111a03d01579927adf7b067f0fd15dc5b7176c539c97212ea5a201656,2,River,47,f43e,8946397,Polymarket,Lose,77,-77,2026-06-30 16:11:55
0xc10e869ef2eb3d126181fae299b395b56fe92127ed6a009c2fd0ccaebaaad48a,2,River,45,F43E,,Polymarket,Lose,35,-35,2026-07-02 05:07:40
0xc10e869ef2eb3d126181fae299b395b56fe92127ed6a009c2fd0ccaebaaad48a,2,River,47,f43e,8946397,Polymarket,Lose,35,-35,2026-07-02 05:07:40
0xc731c062c5562c21de8d943d5e36fff243a9308c138fd9217cfdd0d6e130a76c,2,GB12,76,PM,,Polymarket,Lose,62.089999999999996,-60.315999999999995,2026-07-06 13:02:48
0xc731c062c5562c21de8d943d5e36fff243a9308c138fd9217cfdd0d6e130a76c,2,GB12,102,poly,,Polymarket,Lose,60.315999999999995,-60.315999999999995,2026-07-06 13:02:48
0xc7ab4942de2399732682c7570c1ceb2207f580be0cedaf55c8c088991f20812c,2,River,45,F43E,,Polymarket,Lose,49,-49,2026-07-02 01:30:25
0xc7ab4942de2399732682c7570c1ceb2207f580be0cedaf55c8c088991f20812c,2,River,47,f43e,8946397,Polymarket,Lose,49,-49,2026-07-02 01:30:25
0xc83e87528119586f884809102b2155754ccf4e480ca9e7a286a6ec032438a7aa,2,GB12,76,PM,,Polymarket,Win,199.99,87.28344,2026-07-05 14:22:05
0xc83e87528119586f884809102b2155754ccf4e480ca9e7a286a6ec032438a7aa,2,GB12,102,poly,,Polymarket,Win,194.276,87.28344,2026-07-05 14:22:05
0xd19b3d3e451054d3167b0466023ef441473eeb0f3a843b033c67e9a71c4e9dbf,2,River,45,F43E,,Polymarket,Win,98.0427,153.3483,2026-07-03 10:10:56
0xd19b3d3e451054d3167b0466023ef441473eeb0f3a843b033c67e9a71c4e9dbf,2,River,47,f43e,8946397,Polymarket,Win,98.0427,153.3483,2026-07-03 10:10:56
0xe04619bfef3d09c7c5cfb0a9a75ea024201cc45c6906af6becf541b0dd7c6de9,2,River,45,F43E,,Polymarket,Lose,35,-35,2026-07-02 05:30:05
0xe04619bfef3d09c7c5cfb0a9a75ea024201cc45c6906af6becf541b0dd7c6de9,2,River,47,f43e,8946397,Polymarket,Lose,35,-35,2026-07-02 05:30:05
0xe1c3ff1d7494056d76eeefb65fe20b42a6f037bf1f8dcbe8c247e8825981192d,2,River,45,F43E,,Polymarket,Win,56,103.9997,2026-07-02 00:54:25
0xe1c3ff1d7494056d76eeefb65fe20b42a6f037bf1f8dcbe8c247e8825981192d,2,River,47,f43e,8946397,Polymarket,Win,56,103.9997,2026-07-02 00:54:25
0xe28ec80f14f97fb18212bef67288aa64f102b46ff48ac07f4213913c08f6c8ba,2,River,45,F43E,,Polymarket,Win,77,25.666900000000002,2026-06-30 19:35:05
0xe28ec80f14f97fb18212bef67288aa64f102b46ff48ac07f4213913c08f6c8ba,2,River,47,f43e,8946397,Polymarket,Win,77,25.666900000000002,2026-06-30 19:35:05
0xe37fb68c28c237f251ec872c153f73cc6d0c202d663ee605ff7ad69f8a94c58b,2,River,45,F43E,,Polymarket,Lose,63,-63,2026-06-29 04:18:03
0xe37fb68c28c237f251ec872c153f73cc6d0c202d663ee605ff7ad69f8a94c58b,2,River,47,f43e,8946397,Polymarket,Lose,63,-63,2026-06-29 04:18:03
0xe64728596ca40c96d050bd6af32e5459fa01e1c98b35a6bef78cce1384a5a74c,2,River,45,F43E,,Polymarket,Lose,35,-35,2026-07-02 05:30:04
0xe64728596ca40c96d050bd6af32e5459fa01e1c98b35a6bef78cce1384a5a74c,2,River,47,f43e,8946397,Polymarket,Lose,35,-35,2026-07-02 05:30:04
0xe942270501534aa5b1321d5656c5d1034a994dbad66f6f3c66cba8f346a2b674,2,River,45,F43E,,Polymarket,Lose,70,-70,2026-06-29 02:15:36
0xe942270501534aa5b1321d5656c5d1034a994dbad66f6f3c66cba8f346a2b674,2,River,47,f43e,8946397,Polymarket,Lose,70,-70,2026-06-29 02:15:36
0xecbac8625330ce0fab8fcb71f31b886ed93ef1eaa1077cf82d2bc6c332e1afde,2,River,45,F43E,,Polymarket,Win,70,37.6922,2026-06-30 02:35:57
0xecbac8625330ce0fab8fcb71f31b886ed93ef1eaa1077cf82d2bc6c332e1afde,2,River,47,f43e,8946397,Polymarket,Win,70,37.6922,2026-06-30 02:35:57
0xedaff83c30e1a0ec23fb9841eb4d36e6a54dd878901563a3e997a545f6a828ce,2,River,45,F43E,,Polymarket,Lose,98,-98,2026-07-03 11:26:42
0xedaff83c30e1a0ec23fb9841eb4d36e6a54dd878901563a3e997a545f6a828ce,2,River,47,f43e,8946397,Polymarket,Lose,98,-98,2026-07-03 11:26:42
0xedf8e20ccc9cc48b5b3c5cd2ce97d4b0ce10b6fd8a17daeb4cfb0f8601e73c4d,2,River,45,F43E,,Polymarket,Lose,35,-35,2026-07-02 05:30:09
0xedf8e20ccc9cc48b5b3c5cd2ce97d4b0ce10b6fd8a17daeb4cfb0f8601e73c4d,2,River,47,f43e,8946397,Polymarket,Lose,35,-35,2026-07-02 05:30:09
0xee8f35243114945e647a739d8acacca5e0deeddd0e61240099c01b946407d4a2,2,River,45,F43E,,Polymarket,Lose,77,-77,2026-06-30 20:59:19
0xee8f35243114945e647a739d8acacca5e0deeddd0e61240099c01b946407d4a2,2,River,47,f43e,8946397,Polymarket,Lose,77,-77,2026-06-30 20:59:19
0xf0c509d9aa9464432d3069ae09f12801a3ffeeb407ce222ae7bec4f9478c0ed5,2,River,45,F43E,,Polymarket,Win,56,45.8185,2026-06-29 06:11:53
0xf0c509d9aa9464432d3069ae09f12801a3ffeeb407ce222ae7bec4f9478c0ed5,2,River,47,f43e,8946397,Polymarket,Win,56,45.8185,2026-06-29 06:11:53
0xf2432a859a510bd3054977ea887cb119afa0987c034c64be41f918e1ec4cd6b9,2,GB12,76,PM,,Polymarket,Lose,42.98,-41.751999999999995,2026-07-06 13:33:41
0xf2432a859a510bd3054977ea887cb119afa0987c034c64be41f918e1ec4cd6b9,2,GB12,102,poly,,Polymarket,Lose,41.751999999999995,-41.751999999999995,2026-07-06 13:33:41
0xf3c9db93f87ae2b72cc5954f238355edf79e592b3d1eef62e6a355d71321dd8b,2,River,45,F43E,,Polymarket,Win,98,90.4617,2026-07-02 15:50:25
0xf3c9db93f87ae2b72cc5954f238355edf79e592b3d1eef62e6a355d71321dd8b,2,River,47,f43e,8946397,Polymarket,Win,98,90.4617,2026-07-02 15:50:25
0xf6ce662fe4d026b86430fc49e29bc3600db21d76ef69fcb7e0230689289d8a53,2,River,45,F43E,,Polymarket,Win,35,12.2976,2026-06-29 20:29:51
0xf6ce662fe4d026b86430fc49e29bc3600db21d76ef69fcb7e0230689289d8a53,2,River,47,f43e,8946397,Polymarket,Win,35,12.2976,2026-06-29 20:29:51
0xf7a129a9e5cef927c8ac10051f2e61c263c622d02b54fc1cc854af0b5f71f740,2,River,45,F43E,,Polymarket,Lose,28,-28,2026-07-03 12:12:32
0xf7a129a9e5cef927c8ac10051f2e61c263c622d02b54fc1cc854af0b5f71f740,2,River,47,f43e,8946397,Polymarket,Lose,28,-28,2026-07-03 12:12:32
0xf9d3ab78812d6b8a806234c43c0913ca53c2ae51924efd3e17ebcf93e9f5c6d3,2,River,45,F43E,,Polymarket,Lose,34.9335,-34.9335,2026-07-01 06:03:29
0xf9d3ab78812d6b8a806234c43c0913ca53c2ae51924efd3e17ebcf93e9f5c6d3,2,River,47,f43e,8946397,Polymarket,Lose,34.9335,-34.9335,2026-07-01 06:03:29
0xfdb3cb48a2d41e536914970680c6189038401411a0e11829b564b963f524acf6,2,River,45,F43E,,Polymarket,Win,56,95.3512,2026-07-02 16:48:34
0xfdb3cb48a2d41e536914970680c6189038401411a0e11829b564b963f524acf6,2,River,47,f43e,8946397,Polymarket,Win,56,95.3512,2026-07-02 16:48:34
1697951090139178546,2,GB12,13,5,1729164850236320260,OB,Win,100,47.900000000000006,2026-06-26 04:28:08
1697951090139178546,2,GB12,37,5,,OB,Win,100,47.900000000000006,2026-06-26 04:28:08
1698999612980991668,2,GB12,13,5,1729164850236320260,OB,Win,50,96.6,2026-06-26 14:10:06
1698999612980991668,2,GB12,37,5,,OB,Win,50,96.6,2026-06-26 14:10:06
1703804071645750209,2,GB12,23,2,1683099937357989188,OB,Reject,100,0,2026-06-26 18:10:38
1703804071645750209,2,GB12,36,2,,OB,Reject,100,0,2026-06-26 18:10:38
1704554353554383809,2,GB12,23,2,1683099937357989188,OB,Win,90,201.32999999999998,2026-06-27 00:12:38
1704554353554383809,2,GB12,36,2,,OB,Win,90,201.32999999999998,2026-06-27 00:12:38
1705970930441786225,2,GB12,23,2,1683099937357989188,OB,Win,200,83.39999999999998,2026-06-27 14:17:17
1705970930441786225,2,GB12,36,2,,OB,Win,200,83.39999999999998,2026-06-27 14:17:17
1706068310992377989,2,GB12,23,2,1683099937357989188,OB,Reject,200,0,2026-06-27 14:15:42
1706068310992377989,2,GB12,36,2,,OB,Reject,200,0,2026-06-27 14:15:42
1706187542989084702,2,GB12,23,2,1683099937357989188,OB,Win,200,118.39999999999998,2026-06-27 16:17:54
1706187542989084702,2,GB12,36,2,,OB,Win,200,118.39999999999998,2026-06-27 16:17:54
1709032155862247001,2,GB12,13,5,1729164850236320260,OB,Win,200,193.39999999999998,2026-06-28 17:46:10
1709032155862247001,2,GB12,23,2,1683099937357989188,OB,Win,200,193.39999999999998,2026-06-28 17:46:10
1728733902429161529,2,GB14,93,ljlljl155,1774885118746947068,OB,Win,30,103.19999999999999,2026-07-08 02:10:02
1728733902429161529,2,GB14,94,byfbyf1,1774890780790902365,OB,Win,30,103.19999999999999,2026-07-08 02:10:02
1734899770462813646,2,GB14,93,ljlljl155,1774885118746947068,OB,Lose,80,-80,2026-07-08 17:50:56
1734899770462813646,2,GB14,94,byfbyf1,1774890780790902365,OB,Lose,80,-80,2026-07-08 17:50:56
1734918103032071704,2,GB13,79,panzhumin1,1776258514079179760,OB,Lose,100,-100,2026-07-08 18:54:08
1734918103032071704,2,GB13,83,panzhumin1,1724199194467147065,OB,Lose,100,-100,2026-07-08 18:54:08
1735167223987408005,2,GB13,79,panzhumin1,1776258514079179760,OB,Win,100,30,2026-07-08 21:12:52
1735167223987408005,2,GB13,83,panzhumin1,1724199194467147065,OB,Win,100,30,2026-07-08 21:12:52
1735298294147299082,2,GB13,79,panzhumin1,1776258514079179760,OB,Win,13,17.446,2026-07-08 22:26:46
1735298294147299082,2,GB13,83,panzhumin1,1724199194467147065,OB,Win,13,17.446,2026-07-08 22:26:46
1738072518748294340,2,GB13,106,chengcong1,,OB,Win,100,38.19999999999999,2026-07-09 23:17:44
1738072518748294340,2,GB13,118,chengcong,1724172665409205521,OB,Win,100,38.19999999999999,2026-07-09 23:17:44
1750408353376643342,2,GB12,13,5,1729164850236320260,OB,Lose,40,-40,2026-06-26 16:41:06
1750408353376643342,2,GB12,37,5,,OB,Lose,40,-40,2026-06-26 16:41:06
1750879298774651222,2,GB12,13,5,1729164850236320260,OB,Win,200,122.39999999999998,2026-06-26 22:29:16
1750879298774651222,2,GB12,37,5,,OB,Win,200,122.39999999999998,2026-06-26 22:29:16
1750925251134656023,2,GB12,23,2,1683099937357989188,OB,Win,200,90.39999999999998,2026-06-26 21:19:39
1750925251134656023,2,GB12,36,2,,OB,Win,200,90.39999999999998,2026-06-26 21:19:39
1751020958616935962,2,GB12,23,2,1683099937357989188,OB,Win,200,177,2026-06-26 22:11:13
1751020958616935962,2,GB12,36,2,,OB,Win,200,177,2026-06-26 22:11:13
1751071549626582944,2,GB12,23,2,1683099937357989188,OB,Win,200,90.19999999999999,2026-06-26 22:38:07
1751071549626582944,2,GB12,36,2,,OB,Win,200,90.19999999999999,2026-06-26 22:38:07
1751483648080347507,2,GB12,23,2,1683099937357989188,OB,Lose,50,-50,2026-06-27 02:20:34
1751483648080347507,2,GB12,36,2,,OB,Lose,50,-50,2026-06-27 02:20:34
1752804850231028344,2,GB12,23,2,1683099937357989188,OB,Reject,140,0,2026-06-27 14:12:11
1752804850231028344,2,GB12,36,2,,OB,Reject,140,0,2026-06-27 14:12:11
1755655308719341909,2,GB12,13,5,1729164850236320260,OB,Lose,100,-100,2026-06-26 15:45:32
1755655308719341909,2,GB12,37,5,,OB,Lose,100,-100,2026-06-26 15:45:32
1755673564733709942,2,GB12,13,5,1729164850236320260,OB,Win,200,130,2026-06-28 15:58:07
1755673564733709942,2,GB12,23,2,1683099937357989188,OB,Win,200,130,2026-06-28 15:58:07
1755719215956795489,2,GB12,13,5,1729164850236320260,OB,Lose,120,-120,2026-06-28 16:23:05
1755719215956795489,2,GB12,23,2,1683099937357989188,OB,Lose,120,-120,2026-06-28 16:23:05
1755938448607928286,2,GB12,13,5,1729164850236320260,OB,Win,200,90,2026-06-28 18:08:56
1755938448607928286,2,GB12,23,2,1683099937357989188,OB,None,200,0,2026-06-28 18:08:56
1757379112595755009,2,GB12,13,5,1729164850236320260,OB,Reject,100,0,2026-06-26 14:30:15
1757379112595755009,2,GB12,37,5,,OB,Reject,100,0,2026-06-26 14:30:15
1757635095536262942,2,GB12,13,5,1729164850236320260,OB,Lose,70,-70,2026-06-26 16:48:13
1757635095536262942,2,GB12,37,5,,OB,Lose,70,-70,2026-06-26 16:48:13
1757724150404769448,2,GB12,23,2,1683099937357989188,OB,Win,40,97.36000000000001,2026-06-26 17:36:38
1757724150404769448,2,GB12,36,2,,OB,Win,40,97.36000000000001,2026-06-26 17:36:38
1757804515250494008,2,GB12,13,5,1729164850236320260,OB,Lose,40,-40,2026-06-26 18:27:08
1757804515250494008,2,GB12,37,5,,OB,Lose,40,-40,2026-06-26 18:27:08
1757861621705144681,2,GB12,23,2,1683099937357989188,OB,Win,100,40,2026-06-26 18:49:55
1757861621705144681,2,GB12,36,2,,OB,Win,100,40,2026-06-26 18:49:55
1757897978774783801,2,GB12,23,2,1683099937357989188,OB,Lose,70,-70,2026-06-26 19:10:11
1757897978774783801,2,GB12,36,2,,OB,Lose,70,-70,2026-06-26 19:10:11
1758581213512927665,2,GB12,23,2,1683099937357989188,OB,Lose,130,-130,2026-06-27 01:18:24
1758581213512927665,2,GB12,36,2,,OB,Lose,130,-130,2026-06-27 01:18:24
1759357713840878762,2,GB12,13,5,1729164850236320260,OB,Win,200,89.80000000000001,2026-06-28 01:00:57
1759357713840878762,2,GB12,23,2,1683099937357989188,OB,Win,200,89.80000000000001,2026-06-28 01:00:57
1759967652235929763,2,GB12,23,2,1683099937357989188,OB,Win,200,64.19999999999999,2026-06-27 13:45:37
1759967652235929763,2,GB12,36,2,,OB,Win,200,64.19999999999999,2026-06-27 13:45:37
1760173581386812943,2,GB12,23,2,1683099937357989188,OB,Win,200,154.2,2026-06-27 15:35:57
1760173581386812943,2,GB12,36,2,,OB,Win,200,154.2,2026-06-27 15:35:57
1760247867854856260,2,GB12,23,2,1683099937357989188,OB,Win,200,93.60000000000002,2026-06-27 16:15:59
1760247867854856260,2,GB12,36,2,,OB,Win,200,93.60000000000002,2026-06-27 16:15:59
1760404409620042580,2,GB12,23,2,1683099937357989188,OB,Lose,140,-140,2026-06-27 17:41:00
1760404409620042580,2,GB12,36,2,,OB,Lose,140,-140,2026-06-27 17:41:00
1760900586467786247,2,GB12,23,2,1683099937357989188,OB,Lose,200,-200,2026-06-27 22:08:25
1760900586467786247,2,GB12,36,2,,OB,Lose,200,-200,2026-06-27 22:08:25
1762722909836142223,2,GB12,13,5,1729164850236320260,OB,Lose,140,-140,2026-06-28 14:37:55
1762722909836142223,2,GB12,23,2,1683099937357989188,OB,Lose,140,-140,2026-06-28 14:37:55
1762945380963311782,2,GB12,13,5,1729164850236320260,OB,Lose,40,-40,2026-06-28 16:30:27
1762945380963311782,2,GB12,23,2,1683099937357989188,OB,Lose,40,-40,2026-06-28 16:30:27
1775371010595844401,2,GB14,92,ljlljl158,1727507518205221808,OB,Reject,40,0,2026-07-06 00:50:12
1775371010595844401,2,GB14,94,byfbyf1,1774890780790902365,OB,Reject,40,0,2026-07-06 00:50:12
1780668329619188740,2,GB14,93,ljlljl155,1774885118746947068,OB,Win,21,12.600000000000001,2026-07-08 00:27:58
1780668329619188740,2,GB14,94,byfbyf1,1774890780790902365,OB,Win,21,12.600000000000001,2026-07-08 00:27:58
1782379573235563325,2,GB14,92,ljlljl158,1727507518205221808,OB,Lose,44,-44,2026-07-05 23:00:42
1782379573235563325,2,GB14,94,byfbyf1,1774890780790902365,OB,Lose,44,-44,2026-07-05 23:00:42
1782743087574525866,2,GB13,78,chengcong1,,OB,Lose,50,-50,2026-07-08 19:06:03
1782743087574525866,2,GB13,106,chengcong1,,OB,Lose,50,-50,2026-07-08 19:06:03
1783161511364467749,2,GB13,79,panzhumin1,1776258514079179760,OB,Lose,30,-30,2026-07-08 22:48:27
1783161511364467749,2,GB13,83,panzhumin1,1724199194467147065,OB,Lose,30,-30,2026-07-08 22:48:27
1785409995763269822,2,GB13,84,luzihao1,,OB,Lose,100,-100,2026-07-09 19:03:13
1785409995763269822,2,GB13,119,luzihao1,1724242784638110326,OB,Lose,100,-100,2026-07-09 19:03:13
1788140943614079903,2,GB14,93,ljlljl155,1774885118746947068,OB,Lose,100,-100,2026-07-08 19:33:38
1788140943614079903,2,GB14,94,byfbyf1,1774890780790902365,OB,Lose,100,-100,2026-07-08 19:33:38
1789762986427930201,2,GB14,93,ljlljl155,1774885118746947068,OB,Win,60,111.6,2026-07-08 17:23:41
1789762986427930201,2,GB14,94,byfbyf1,1774890780790902365,OB,Win,60,111.6,2026-07-08 17:23:41
1790174152687192203,2,GB13,78,chengcong1,,OB,Win,100,46.80000000000001,2026-07-08 21:05:26
1790174152687192203,2,GB13,106,chengcong1,,OB,Win,100,46.80000000000001,2026-07-08 21:05:26
1790182649714368328,2,GB13,79,panzhumin1,1776258514079179760,OB,Reject,100,0,2026-07-08 21:09:51
1790182649714368328,2,GB13,83,panzhumin1,1724199194467147065,OB,Reject,100,0,2026-07-08 21:09:51
1790545301543663584,2,GB13,80,luzihao1,,OB,Lose,50,-50,2026-07-09 00:25:18
1790545301543663584,2,GB13,111,luzihao1,1768878680516068864,OB,Lose,50,-50,2026-07-09 00:25:18
1791314984364202907,2,GB13,111,luzihao1,1768878680516068864,OB,Win,100,46.80000000000001,2026-07-10 00:04:17
1791314984364202907,2,GB13,119,luzihao1,1724242784638110326,OB,Win,100,46.80000000000001,2026-07-10 00:04:17
1792320265097303004,2,GB13,80,luzihao1,,OB,Reject,100,0,2026-07-09 16:21:39
1792320265097303004,2,GB13,111,luzihao1,1768878680516068864,OB,Reject,100,0,2026-07-09 16:21:39
1792419429292935046,2,GB13,109,luzihao1,,OB,Win,100,32,2026-07-09 17:15:21
1792419429292935046,2,GB13,111,luzihao1,1768878680516068864,OB,Win,100,32,2026-07-09 17:15:21
1792532397322475707,2,GB13,111,luzihao1,1768878680516068864,OB,Lose,100,-100,2026-07-09 18:16:14
1792532397322475707,2,GB13,119,luzihao1,1724242784638110326,OB,Lose,100,-100,2026-07-09 18:16:14
1792669525350146747,2,GB13,84,luzihao1,,OB,Lose,30,-30,2026-07-09 19:37:41
1792669525350146747,2,GB13,119,luzihao1,1724242784638110326,OB,Lose,30,-30,2026-07-09 19:37:41
1793181375015204508,2,GB13,106,chengcong1,,OB,None,100,0,2026-07-10 00:05:28
1793181375015204508,2,GB13,118,chengcong,1724172665409205521,OB,Win,100,55,2026-07-10 00:05:28
3078185639,2,GB11,30,q,,PB,Lose,130,-130,2026-07-03 12:59:40
3078185639,2,River,48,peter,JJJ010016S,PB,Lose,13,-13,2026-07-03 12:59:40
3078185769,2,GB11,30,q,,PB,Lose,130,-130,2026-07-03 13:00:09
3078185769,2,River,48,peter,JJJ010016S,PB,Lose,13,-13,2026-07-03 13:00:09
3078201173,2,GB11,30,q,,PB,Win,300,303,2026-07-03 13:46:34
3078201173,2,River,48,peter,JJJ010016S,PB,Win,30,30.299999999999997,2026-07-03 13:46:34
3078204467,2,GB11,30,q,,PB,Win,300,186.29999999999995,2026-07-03 13:51:35
3078204467,2,River,48,peter,JJJ010016S,PB,Win,30,18.629999999999995,2026-07-03 13:51:35
3078204846,2,GB11,30,q,,PB,Win,300,176.4,2026-07-03 13:53:42
3078204846,2,River,48,peter,JJJ010016S,PB,Win,30,17.64,2026-07-03 13:53:42
3078206578,2,GB11,30,q,,PB,Win,210,336,2026-07-03 13:55:01
3078206578,2,River,48,peter,JJJ010016S,PB,Win,21,33.6,2026-07-03 13:55:01
3078207633,2,GB11,30,q,,PB,Win,290,321.9,2026-07-03 13:59:33
3078207633,2,River,48,peter,JJJ010016S,PB,Win,29,32.19,2026-07-03 13:59:33
3078212107,2,GB11,30,q,,PB,Win,300,126.00000000000001,2026-07-03 14:05:31
3078212107,2,River,48,peter,JJJ010016S,PB,Win,30,12.600000000000001,2026-07-03 14:05:31
3078220717,2,GB11,30,q,,PB,Win,300,300,2026-07-03 14:41:35
3078220717,2,River,48,peter,JJJ010016S,PB,Win,30,30,2026-07-03 14:41:35
3078222864,2,GB11,30,q,,PB,Win,300,172.2,2026-07-03 14:48:50
3078222864,2,River,48,peter,JJJ010016S,PB,Win,30,17.22,2026-07-03 14:48:50
3078226240,2,GB11,30,q,,PB,Win,300,194.7,2026-07-03 14:51:44
3078226240,2,River,48,peter,JJJ010016S,PB,Win,30,19.47,2026-07-03 14:51:44
3078240991,2,GB11,30,q,,PB,Lose,240,-240,2026-07-03 15:36:44
3078240991,2,River,48,peter,JJJ010016S,PB,Lose,24,-24,2026-07-03 15:36:44
3078242237,2,GB11,30,q,,PB,Lose,70,-70,2026-07-03 15:36:17
3078242237,2,River,48,peter,JJJ010016S,PB,Lose,7,-7,2026-07-03 15:36:17
3078243481,2,GB11,30,q,,PB,Lose,240,-240,2026-07-03 15:37:20
3078243481,2,River,48,peter,JJJ010016S,PB,Lose,24,-24,2026-07-03 15:37:20
3078244408,2,GB11,30,q,,PB,Lose,190,-190,2026-07-03 15:38:02
3078244408,2,River,48,peter,JJJ010016S,PB,Lose,19,-19,2026-07-03 15:38:02
3078246413,2,GB11,30,q,,PB,Lose,140,-140,2026-07-03 15:42:23
3078246413,2,River,48,peter,JJJ010016S,PB,Lose,14,-14,2026-07-03 15:42:23
3078248976,2,GB11,30,q,,PB,Lose,70,-70,2026-07-03 15:45:59
3078248976,2,River,48,peter,JJJ010016S,PB,Lose,7,-7,2026-07-03 15:45:59
3078264859,2,GB11,30,q,,PB,Win,300,152.10000000000002,2026-07-03 16:23:46
3078264859,2,River,48,peter,JJJ010016S,PB,Win,30,15.21,2026-07-03 16:23:46
3078265872,2,GB11,30,q,,PB,Win,300,115.19999999999996,2026-07-03 16:25:04
3078265872,2,River,48,peter,JJJ010016S,PB,Win,30,11.519999999999996,2026-07-03 16:25:04
3078266066,2,GB11,30,q,,PB,Win,300,156,2026-07-03 16:25:40
3078266066,2,River,48,peter,JJJ010016S,PB,Win,30,15.600000000000001,2026-07-03 16:25:40
3078268625,2,GB11,30,q,,PB,Win,300,198.6,2026-07-03 16:26:16
3078268625,2,River,48,peter,JJJ010016S,PB,Win,30,19.86,2026-07-03 16:26:16
3078466135,2,GB11,30,q,,PB,Lose,90,-90,2026-07-03 23:23:57
3078466135,2,River,48,peter,JJJ010016S,PB,Lose,9,-9,2026-07-03 23:23:57
3e2ac87ba96e6acdb99,2,River,41,NIP,,RAY,Win,10,8.7,2026-06-18 16:15:54
3e2ac87ba96e6acdb99,2,River,46,NIP,115780827,RAY,Win,10,8.7,2026-06-18 16:15:54
3e3fff559d6e6acdb75,2,River,41,NIP,,RAY,Reject,16,0,2026-06-22 19:07:50
3e3fff559d6e6acdb75,2,River,46,NIP,115780827,RAY,Reject,16,0,2026-06-22 19:07:50
3e4066cb1e6e6acdb1ef,2,River,41,NIP,,RAY,Reject,18,0,2026-06-22 21:00:50
3e4066cb1e6e6acdb1ef,2,River,46,NIP,115780827,RAY,Reject,18,0,2026-06-22 21:00:50
3e44a285aa6e6acdb3a7,2,River,41,NIP,,RAY,Reject,18,0,2026-06-23 16:44:34
3e44a285aa6e6acdb3a7,2,River,46,NIP,115780827,RAY,Reject,18,0,2026-06-23 16:44:34
3e45b6df8f6e6acdb211,2,River,41,NIP,,RAY,Lose,18,-18,2026-06-23 21:46:25
3e45b6df8f6e6acdb211,2,River,46,NIP,115780827,RAY,Lose,18,-18,2026-06-23 21:46:25
3e6e0b8ae36dd45e51ee,2,GB12,14,6,115164645,RAY,Lose,40,-40,2026-07-01 17:43:42
3e6e0b8ae36dd45e51ee,2,River,59,6,,RAY,Lose,40,-40,2026-07-01 17:43:42
3e6e0f55b36dd45e52d5,2,GB12,14,6,115164645,RAY,Lose,40,-40,2026-07-01 17:47:51
3e6e0f55b36dd45e52d5,2,River,59,6,,RAY,Lose,40,-40,2026-07-01 17:47:51
3e6e4cdb1a6dd45e512a,2,GB12,14,6,115164645,RAY,Lose,32,-32,2026-07-01 18:55:02
3e6e4cdb1a6dd45e512a,2,River,59,6,,RAY,Lose,32,-32,2026-07-01 18:55:02
3e6ee62ffa6dd45e556,2,GB12,14,6,115164645,RAY,Lose,30,-30,2026-07-01 21:42:31
3e6ee62ffa6dd45e556,2,River,59,6,,RAY,Lose,30,-30,2026-07-01 21:42:31
3e6ee6e98c6dd45e58d,2,GB12,14,6,115164645,RAY,Win,39,12.869999999999997,2026-07-01 21:43:19
3e6ee6e98c6dd45e58d,2,River,59,6,,RAY,Win,39,12.869999999999997,2026-07-01 21:43:19
3e6ef294d16dd45e57,2,GB12,14,6,115164645,RAY,Reject,14,0,2026-07-01 21:56:03
3e6ef294d16dd45e57,2,River,59,6,,RAY,Reject,14,0,2026-07-01 21:56:03
3e6f0e1b4b6dd45e536f,2,GB12,14,6,115164645,RAY,Win,12,38.76,2026-07-01 22:26:07
3e6f0e1b4b6dd45e536f,2,River,59,6,,RAY,Win,12,38.76,2026-07-01 22:26:07
3e6f1751ff6dd45e51ae,2,GB12,14,6,115164645,RAY,Win,21,109.41,2026-07-01 22:36:11
3e6f1751ff6dd45e51ae,2,River,59,6,,RAY,Win,21,109.41,2026-07-01 22:36:11
3e6fcc3ebe6dd45e5255,2,GB12,14,6,115164645,RAY,Win,36,41.760000000000005,2026-07-02 01:53:48
3e6fcc3ebe6dd45e5255,2,River,59,6,,RAY,Win,36,41.760000000000005,2026-07-02 01:53:48
748920080,2,GB12,32,PB8888,,PB,Lose,60,-60,2026-07-01 21:56:05
748920080,2,GB12,53,1,RMB54556UJY,PB,Lose,60,-60,2026-07-01 21:56:05
748920209,2,GB12,32,PB8888,,PB,Win,60,61.2,2026-07-01 21:56:47
748920209,2,GB12,53,1,RMB54556UJY,PB,Win,60,61.2,2026-07-01 21:56:47
748991406,2,GB12,32,PB8888,,PB,Lose,7,-7,2026-07-02 01:37:37
748991406,2,GB12,53,1,RMB54556UJY,PB,Lose,7,-7,2026-07-02 01:37:37
749022523,2,GB12,32,PB8888,,PB,Lose,40,-40,2026-07-02 03:42:47
749022523,2,GB12,53,1,RMB54556UJY,PB,Lose,40,-40,2026-07-02 03:42:47
749096285,2,GB12,32,PB8888,,PB,Lose,22,-22,2026-07-02 15:50:57
749096285,2,GB12,53,1,RMB54556UJY,PB,Lose,22,-22,2026-07-02 15:50:57
749278985,2,GB12,53,1,RMB54556UJY,PB,Win,40,14.920000000000002,2026-07-03 03:37:12
749278985,2,River,61,1,,PB,Win,40,14.920000000000002,2026-07-03 03:37:12
749353078,2,GB12,53,1,RMB54556UJY,PB,Win,40,15.240000000000002,2026-07-03 12:58:45
749353078,2,River,61,1,,PB,Win,40,15.240000000000002,2026-07-03 12:58:45
749360580,2,GB12,53,1,RMB54556UJY,PB,Win,7,1.9000000000000004,2026-07-03 14:04:21
749360580,2,River,61,1,,PB,Win,7,1.9000000000000004,2026-07-03 14:04:21
749364230,2,GB12,53,1,RMB54556UJY,PB,Win,40,40,2026-07-03 14:41:31
749364230,2,River,61,1,,PB,Win,40,40,2026-07-03 14:41:31